"id","name","provinsi_id"
"__export__.hr_recruit_kota_1078","Kabupaten Aceh Barat","Aceh"
"__export__.hr_recruit_kota_1079","Kabupaten Aceh Barat Daya","Aceh"
"__export__.hr_recruit_kota_1080","Kabupaten Aceh Besar","Aceh"
"__export__.hr_recruit_kota_1081","Kabupaten Aceh Jaya","Aceh"
"__export__.hr_recruit_kota_1082","Kabupaten Aceh Selatan","Aceh"
"__export__.hr_recruit_kota_1083","Kabupaten Aceh Singkil","Aceh"
"__export__.hr_recruit_kota_1084","Kabupaten Aceh Tamiang","Aceh"
"__export__.hr_recruit_kota_1085","Kabupaten Aceh Tengah","Aceh"
"__export__.hr_recruit_kota_1086","Kabupaten Aceh Tenggara","Aceh"
"__export__.hr_recruit_kota_1087","Kabupaten Aceh Timur","Aceh"
"__export__.hr_recruit_kota_1088","Kabupaten Aceh Utara","Aceh"
"__export__.hr_recruit_kota_1089","Kabupaten Bener Meriah","Aceh"
"__export__.hr_recruit_kota_1090","Kabupaten Bireuen","Aceh"
"__export__.hr_recruit_kota_1091","Kabupaten Gayo Lues","Aceh"
"__export__.hr_recruit_kota_1092","Kabupaten Nagan Raya","Aceh"
"__export__.hr_recruit_kota_1093","Kabupaten Pidie","Aceh"
"__export__.hr_recruit_kota_1094","Kabupaten Pidie Jaya","Aceh"
"__export__.hr_recruit_kota_1095","Kabupaten Simeulue","Aceh"
"__export__.hr_recruit_kota_1096","Kota Banda Aceh","Aceh"
"__export__.hr_recruit_kota_1097","Kota Langsa","Aceh"
"__export__.hr_recruit_kota_1098","Kota Lhokseumawe","Aceh"
"__export__.hr_recruit_kota_1099","Kota Sabang","Aceh"
"__export__.hr_recruit_kota_1100","Kota Subulussalam","Aceh"
"__export__.hr_recruit_kota_1101","Kabupaten Asahan","Sumatera Utara"
"__export__.hr_recruit_kota_1102","Kabupaten Batu Bara","Sumatera Utara"
"__export__.hr_recruit_kota_1103","Kabupaten Dairi","Sumatera Utara"
"__export__.hr_recruit_kota_1104","Kabupaten Deli Serdang","Sumatera Utara"
"__export__.hr_recruit_kota_1105","Kabupaten Humbang Hasundutan","Sumatera Utara"
"__export__.hr_recruit_kota_1106","Kabupaten Karo","Sumatera Utara"
"__export__.hr_recruit_kota_1107","Kabupaten Labuhanbatu","Sumatera Utara"
"__export__.hr_recruit_kota_1108","Kabupaten Labuhanbatu Selatan","Sumatera Utara"
"__export__.hr_recruit_kota_1109","Kabupaten Labuhanbatu Utara","Sumatera Utara"
"__export__.hr_recruit_kota_1110","Kabupaten Langkat","Sumatera Utara"
"__export__.hr_recruit_kota_1111","Kabupaten Mandailing Natal","Sumatera Utara"
"__export__.hr_recruit_kota_1112","Kabupaten Nias","Sumatera Utara"
"__export__.hr_recruit_kota_1113","Kabupaten Nias Barat","Sumatera Utara"
"__export__.hr_recruit_kota_1114","Kabupaten Nias Selatan","Sumatera Utara"
"__export__.hr_recruit_kota_1115","Kabupaten Nias Utara","Sumatera Utara"
"__export__.hr_recruit_kota_1116","Kabupaten Padang Lawas","Sumatera Utara"
"__export__.hr_recruit_kota_1117","Kabupaten Padang Lawas Utara","Sumatera Utara"
"__export__.hr_recruit_kota_1118","Kabupaten Pakpak Bharat","Sumatera Utara"
"__export__.hr_recruit_kota_1119","Kabupaten Samosir","Sumatera Utara"
"__export__.hr_recruit_kota_1120","Kabupaten Serdang Bedagai","Sumatera Utara"
"__export__.hr_recruit_kota_1121","Kabupaten Simalungun","Sumatera Utara"
"__export__.hr_recruit_kota_1122","Kabupaten Tapanuli Selatan","Sumatera Utara"
"__export__.hr_recruit_kota_1123","Kabupaten Tapanuli Tengah","Sumatera Utara"
"__export__.hr_recruit_kota_1124","Kabupaten Tapanuli Utara","Sumatera Utara"
"__export__.hr_recruit_kota_1125","Kabupaten Toba Samosir","Sumatera Utara"
"__export__.hr_recruit_kota_1126","Kota Binjai","Sumatera Utara"
"__export__.hr_recruit_kota_1127","Kota Gunung Sitoli","Sumatera Utara"
"__export__.hr_recruit_kota_1128","Kota Medan","Sumatera Utara"
"__export__.hr_recruit_kota_1129","Kota Padang Sidempuan","Sumatera Utara"
"__export__.hr_recruit_kota_1130","Kota Pematangsiantar","Sumatera Utara"
"__export__.hr_recruit_kota_1131","Kota Sibolga","Sumatera Utara"
"__export__.hr_recruit_kota_1132","Kota Tanjung Balai","Sumatera Utara"
"__export__.hr_recruit_kota_1133","Kota Tebing Tinggi","Sumatera Utara"
"__export__.hr_recruit_kota_1134","Kabupaten Bengkulu Selatan","Bengkulu"
"__export__.hr_recruit_kota_1135","Kabupaten Bengkulu Tengah","Bengkulu"
"__export__.hr_recruit_kota_1136","Kabupaten Bengkulu Utara","Bengkulu"
"__export__.hr_recruit_kota_1137","Kabupaten Benteng","Bengkulu"
"__export__.hr_recruit_kota_1138","Kabupaten Kaur","Bengkulu"
"__export__.hr_recruit_kota_1139","Kabupaten Kepahiang","Bengkulu"
"__export__.hr_recruit_kota_1140","Kabupaten Lebong","Bengkulu"
"__export__.hr_recruit_kota_1141","Kabupaten Mukomuko","Bengkulu"
"__export__.hr_recruit_kota_1142","Kabupaten Rejang Lebong","Bengkulu"
"__export__.hr_recruit_kota_1143","Kabupaten Seluma","Bengkulu"
"__export__.hr_recruit_kota_1144","Kota Bengkulu","Bengkulu"
"__export__.hr_recruit_kota_1145","Kabupaten Batang Hari","Jambi"
"__export__.hr_recruit_kota_1146","Kabupaten Bungo","Jambi"
"__export__.hr_recruit_kota_1147","Kabupaten Kerinci","Jambi"
"__export__.hr_recruit_kota_1148","Kabupaten Merangin","Jambi"
"__export__.hr_recruit_kota_1149","Kabupaten Muaro Jambi","Jambi"
"__export__.hr_recruit_kota_1150","Kabupaten Sarolangun","Jambi"
"__export__.hr_recruit_kota_1151","Kabupaten Tanjung Jabung Barat","Jambi"
"__export__.hr_recruit_kota_1152","Kabupaten Tanjung Jabung Timur","Jambi"
"__export__.hr_recruit_kota_1153","Kabupaten Tebo","Jambi"
"__export__.hr_recruit_kota_1154","Kota Jambi","Jambi"
"__export__.hr_recruit_kota_1155","Kota Sungai Penuh","Jambi"
"__export__.hr_recruit_kota_1156","Kabupaten Bengkalis","Riau"
"__export__.hr_recruit_kota_1157","Kabupaten Indragiri Hilir","Riau"
"__export__.hr_recruit_kota_1158","Kabupaten Indragiri Hulu","Riau"
"__export__.hr_recruit_kota_1159","Kabupaten Kampar","Riau"
"__export__.hr_recruit_kota_1160","Kabupaten Kuantan Singingi","Riau"
"__export__.hr_recruit_kota_1161","Kabupaten Pelalawan","Riau"
"__export__.hr_recruit_kota_1162","Kabupaten Rokan Hilir","Riau"
"__export__.hr_recruit_kota_1163","Kabupaten Rokan Hulu","Riau"
"__export__.hr_recruit_kota_1164","Kabupaten Siak","Riau"
"__export__.hr_recruit_kota_1165","Kota Pekanbaru","Riau"
"__export__.hr_recruit_kota_1166","Kota Dumai","Riau"
"__export__.hr_recruit_kota_1167","Kabupaten Kepulauan Meranti","Riau"
"__export__.hr_recruit_kota_1168","Kabupaten Agam","Sumatera Barat"
"__export__.hr_recruit_kota_1169","Kabupaten Dharmasraya","Sumatera Barat"
"__export__.hr_recruit_kota_1170","Kabupaten Kepulauan Mentawai","Sumatera Barat"
"__export__.hr_recruit_kota_1171","Kabupaten Lima Puluh Kota","Sumatera Barat"
"__export__.hr_recruit_kota_1172","Kabupaten Padang Pariaman","Sumatera Barat"
"__export__.hr_recruit_kota_1173","Kabupaten Pasaman","Sumatera Barat"
"__export__.hr_recruit_kota_1174","Kabupaten Pasaman Barat","Sumatera Barat"
"__export__.hr_recruit_kota_1175","Kabupaten Pesisir Selatan","Sumatera Barat"
"__export__.hr_recruit_kota_1176","Kabupaten Sijunjung","Sumatera Barat"
"__export__.hr_recruit_kota_1177","Kabupaten Solok","Sumatera Barat"
"__export__.hr_recruit_kota_1178","Kabupaten Solok Selatan","Sumatera Barat"
"__export__.hr_recruit_kota_1179","Kabupaten Tanah Datar","Sumatera Barat"
"__export__.hr_recruit_kota_1180","Kota Bukittinggi","Sumatera Barat"
"__export__.hr_recruit_kota_1181","Kota Padang","Sumatera Barat"
"__export__.hr_recruit_kota_1182","Kota Padangpanjang","Sumatera Barat"
"__export__.hr_recruit_kota_1183","Kota Pariaman","Sumatera Barat"
"__export__.hr_recruit_kota_1184","Kota Payakumbuh","Sumatera Barat"
"__export__.hr_recruit_kota_1185","Kota Sawahlunto","Sumatera Barat"
"__export__.hr_recruit_kota_1186","Kota Solok","Sumatera Barat"
"__export__.hr_recruit_kota_1187","Kabupaten Banyuasin","Sumatera Selatan"
"__export__.hr_recruit_kota_1188","Kabupaten Empat Lawang","Sumatera Selatan"
"__export__.hr_recruit_kota_1189","Kabupaten Lahat","Sumatera Selatan"
"__export__.hr_recruit_kota_1190","Kabupaten Muara Enim","Sumatera Selatan"
"__export__.hr_recruit_kota_1191","Kabupaten Musi Banyuasin","Sumatera Selatan"
"__export__.hr_recruit_kota_1192","Kabupaten Musi Rawas","Sumatera Selatan"
"__export__.hr_recruit_kota_1193","Kabupaten Ogan Ilir","Sumatera Selatan"
"__export__.hr_recruit_kota_1194","Kabupaten Ogan Komering Ilir","Sumatera Selatan"
"__export__.hr_recruit_kota_1195","Kabupaten Ogan Komering Ulu","Sumatera Selatan"
"__export__.hr_recruit_kota_1196","Kabupaten Ogan Komering Ulu Selatan","Sumatera Selatan"
"__export__.hr_recruit_kota_1197","Kabupaten Ogan Komering Ulu Timur","Sumatera Selatan"
"__export__.hr_recruit_kota_1198","Kota Lubuklinggau","Sumatera Selatan"
"__export__.hr_recruit_kota_1199","Kota Pagar Alam","Sumatera Selatan"
"__export__.hr_recruit_kota_1200","Kota Palembang","Sumatera Selatan"
"__export__.hr_recruit_kota_1201","Kota Prabumulih","Sumatera Selatan"
"__export__.hr_recruit_kota_1202","Kota Sorong",""
"__export__.hr_recruit_kota_1203","Kabupaten Lampung Barat","Lampung"
"__export__.hr_recruit_kota_1204","Kabupaten Lampung Selatan","Lampung"
"__export__.hr_recruit_kota_1205","Kabupaten Lampung Tengah","Lampung"
"__export__.hr_recruit_kota_1206","Kabupaten Lampung Timur","Lampung"
"__export__.hr_recruit_kota_1207","Kabupaten Lampung Utara","Lampung"
"__export__.hr_recruit_kota_1208","Kabupaten Mesuji","Lampung"
"__export__.hr_recruit_kota_1209","Kabupaten Pesawaran","Lampung"
"__export__.hr_recruit_kota_1210","Kabupaten Pringsewu","Lampung"
"__export__.hr_recruit_kota_1211","Kabupaten Tanggamus","Lampung"
"__export__.hr_recruit_kota_1212","Kabupaten Tulang Bawang","Lampung"
"__export__.hr_recruit_kota_1213","Kabupaten Tulang Bawang Barat","Lampung"
"__export__.hr_recruit_kota_1214","Kabupaten Way Kanan","Lampung"
"__export__.hr_recruit_kota_1215","Kota Bandar Lampung","Lampung"
"__export__.hr_recruit_kota_1216","Kota Metro","Lampung"
"__export__.hr_recruit_kota_1217","Kabupaten Bangka","Kepulauan Bangka Belitung"
"__export__.hr_recruit_kota_1218","Kabupaten Bangka Barat","Kepulauan Bangka Belitung"
"__export__.hr_recruit_kota_1219","Kabupaten Bangka Selatan","Kepulauan Bangka Belitung"
"__export__.hr_recruit_kota_1220","Kabupaten Bangka Tengah","Kepulauan Bangka Belitung"
"__export__.hr_recruit_kota_1221","Kabupaten Belitung","Kepulauan Bangka Belitung"
"__export__.hr_recruit_kota_1222","Kabupaten Belitung Timur","Kepulauan Bangka Belitung"
"__export__.hr_recruit_kota_1223","Kota Pangkal Pinang","Kepulauan Bangka Belitung"
"__export__.hr_recruit_kota_1224","Kabupaten Bintan","Kepulauan Riau"
"__export__.hr_recruit_kota_1225","Kabupaten Karimun","Kepulauan Riau"
"__export__.hr_recruit_kota_1226","Kabupaten Kepulauan Anambas","Kepulauan Riau"
"__export__.hr_recruit_kota_1227","Kabupaten Lingga","Kepulauan Riau"
"__export__.hr_recruit_kota_1228","Kabupaten Natuna","Kepulauan Riau"
"__export__.hr_recruit_kota_1229","Kota Batam","Kepulauan Riau"
"__export__.hr_recruit_kota_1230","Kota Tanjung Pinang","Kepulauan Riau"
"__export__.hr_recruit_kota_1231","Kabupaten Lebak","Banten"
"__export__.hr_recruit_kota_1232","Kabupaten Pandeglang","Banten"
"__export__.hr_recruit_kota_1233","Kabupaten Serang","Banten"
"__export__.hr_recruit_kota_1234","Kabupaten Tangerang","Banten"
"__export__.hr_recruit_kota_1235","Kota Cilegon","Banten"
"__export__.hr_recruit_kota_1236","Kota Serang","Banten"
"__export__.hr_recruit_kota_1237","Kota Tangerang","Banten"
"__export__.hr_recruit_kota_1238","Kota Tangerang Selatan","Banten"
"__export__.hr_recruit_kota_1239","Kabupaten Bandung","Jawa Barat"
"__export__.hr_recruit_kota_1240","Kabupaten Bandung Barat","Jawa Barat"
"__export__.hr_recruit_kota_1241","Kabupaten Bekasi","Jawa Barat"
"__export__.hr_recruit_kota_1242","Kabupaten Bogor","Jawa Barat"
"__export__.hr_recruit_kota_1243","Kabupaten Ciamis","Jawa Barat"
"__export__.hr_recruit_kota_1244","Kabupaten Cianjur","Jawa Barat"
"__export__.hr_recruit_kota_1245","Kabupaten Cirebon","Jawa Barat"
"__export__.hr_recruit_kota_1246","Kabupaten Garut","Jawa Barat"
"__export__.hr_recruit_kota_1247","Kabupaten Indramayu","Jawa Barat"
"__export__.hr_recruit_kota_1248","Kabupaten Karawang","Jawa Barat"
"__export__.hr_recruit_kota_1249","Kabupaten Kuningan","Jawa Barat"
"__export__.hr_recruit_kota_1250","Kabupaten Majalengka","Jawa Barat"
"__export__.hr_recruit_kota_1251","Kabupaten Purwakarta","Jawa Barat"
"__export__.hr_recruit_kota_1252","Kabupaten Subang","Jawa Barat"
"__export__.hr_recruit_kota_1253","Kabupaten Sukabumi","Jawa Barat"
"__export__.hr_recruit_kota_1254","Kabupaten Sumedang","Jawa Barat"
"__export__.hr_recruit_kota_1255","Kabupaten Tasikmalaya","Jawa Barat"
"__export__.hr_recruit_kota_1256","Kota Bandung","Jawa Barat"
"__export__.hr_recruit_kota_1257","Kota Banjar","Jawa Barat"
"__export__.hr_recruit_kota_1258","Kota Bekasi","Jawa Barat"
"__export__.hr_recruit_kota_1259","Kota Bogor","Jawa Barat"
"__export__.hr_recruit_kota_1260","Kota Cimahi","Jawa Barat"
"__export__.hr_recruit_kota_1261","Kota Cirebon","Jawa Barat"
"__export__.hr_recruit_kota_1262","Kota Depok","Jawa Barat"
"__export__.hr_recruit_kota_1263","Kota Sukabumi","Jawa Barat"
"__export__.hr_recruit_kota_1264","Kota Tasikmalaya","Jawa Barat"
"__export__.hr_recruit_kota_1265","Kabupaten Kepulauan Seribu","DKI Jakarta"
"__export__.hr_recruit_kota_1266","Kota Jakarta Barat","DKI Jakarta"
"__export__.hr_recruit_kota_1267","Kota Jakarta Pusat","DKI Jakarta"
"__export__.hr_recruit_kota_1268","Kota Jakarta Selatan","DKI Jakarta"
"__export__.hr_recruit_kota_1269","Kota Jakarta Timur","DKI Jakarta"
"__export__.hr_recruit_kota_1270","Kota Jakarta Utara","DKI Jakarta"
"__export__.hr_recruit_kota_1271","Kabupaten Banjarnegara","Jawa Tengah"
"__export__.hr_recruit_kota_1272","Kabupaten Banyumas","Jawa Tengah"
"__export__.hr_recruit_kota_1273","Kabupaten Batang","Jawa Tengah"
"__export__.hr_recruit_kota_1274","Kabupaten Blora","Jawa Tengah"
"__export__.hr_recruit_kota_1275","Kabupaten Boyolali","Jawa Tengah"
"__export__.hr_recruit_kota_1276","Kabupaten Brebes","Jawa Tengah"
"__export__.hr_recruit_kota_1277","Kabupaten Cilacap","Jawa Tengah"
"__export__.hr_recruit_kota_1278","Kabupaten Demak","Jawa Tengah"
"__export__.hr_recruit_kota_1279","Kabupaten Grobogan","Jawa Tengah"
"__export__.hr_recruit_kota_1280","Kabupaten Jepara","Jawa Tengah"
"__export__.hr_recruit_kota_1281","Kabupaten Karanganyar","Jawa Tengah"
"__export__.hr_recruit_kota_1282","Kabupaten Kebumen","Jawa Tengah"
"__export__.hr_recruit_kota_1283","Kabupaten Kendal","Jawa Tengah"
"__export__.hr_recruit_kota_1284","Kabupaten Klaten","Jawa Tengah"
"__export__.hr_recruit_kota_1285","Kabupaten Kudus","Jawa Tengah"
"__export__.hr_recruit_kota_1286","Kabupaten Magelang","Jawa Tengah"
"__export__.hr_recruit_kota_1287","Kabupaten Pati","Jawa Tengah"
"__export__.hr_recruit_kota_1288","Kabupaten Pekalongan","Jawa Tengah"
"__export__.hr_recruit_kota_1289","Kabupaten Pemalang","Jawa Tengah"
"__export__.hr_recruit_kota_1290","Kabupaten Purbalingga","Jawa Tengah"
"__export__.hr_recruit_kota_1291","Kabupaten Purworejo","Jawa Tengah"
"__export__.hr_recruit_kota_1292","Kabupaten Rembang","Jawa Tengah"
"__export__.hr_recruit_kota_1293","Kabupaten Semarang","Jawa Tengah"
"__export__.hr_recruit_kota_1294","Kabupaten Sragen","Jawa Tengah"
"__export__.hr_recruit_kota_1295","Kabupaten Sukoharjo","Jawa Tengah"
"__export__.hr_recruit_kota_1296","Kabupaten Tegal","Jawa Tengah"
"__export__.hr_recruit_kota_1297","Kabupaten Temanggung","Jawa Tengah"
"__export__.hr_recruit_kota_1298","Kabupaten Wonogiri","Jawa Tengah"
"__export__.hr_recruit_kota_1299","Kabupaten Wonosobo","Jawa Tengah"
"__export__.hr_recruit_kota_1300","Kota Magelang","Jawa Tengah"
"__export__.hr_recruit_kota_1301","Kota Pekalongan","Jawa Tengah"
"__export__.hr_recruit_kota_1302","Kota Salatiga","Jawa Tengah"
"__export__.hr_recruit_kota_1303","Kota Semarang","Jawa Tengah"
"__export__.hr_recruit_kota_1304","Kota Surakarta","Jawa Tengah"
"__export__.hr_recruit_kota_1305","Kota Tegal","Jawa Tengah"
"__export__.hr_recruit_kota_1306","Kabupaten Bangkalan","Jawa Timur"
"__export__.hr_recruit_kota_1307","Kabupaten Banyuwangi","Jawa Timur"
"__export__.hr_recruit_kota_1308","Kabupaten Blitar","Jawa Timur"
"__export__.hr_recruit_kota_1309","Kabupaten Bojonegoro","Jawa Timur"
"__export__.hr_recruit_kota_1310","Kabupaten Bondowoso","Jawa Timur"
"__export__.hr_recruit_kota_1311","Kabupaten Gresik","Jawa Timur"
"__export__.hr_recruit_kota_1312","Kabupaten Jember","Jawa Timur"
"__export__.hr_recruit_kota_1313","Kabupaten Jombang","Jawa Timur"
"__export__.hr_recruit_kota_1314","Kabupaten Kediri","Jawa Timur"
"__export__.hr_recruit_kota_1315","Kabupaten Lamongan","Jawa Timur"
"__export__.hr_recruit_kota_1316","Kabupaten Lumajang","Jawa Timur"
"__export__.hr_recruit_kota_1317","Kabupaten Madiun","Jawa Timur"
"__export__.hr_recruit_kota_1318","Kabupaten Magetan","Jawa Timur"
"__export__.hr_recruit_kota_1319","Kabupaten Malang","Jawa Timur"
"__export__.hr_recruit_kota_1320","Kabupaten Mojokerto","Jawa Timur"
"__export__.hr_recruit_kota_1321","Kabupaten Nganjuk","Jawa Timur"
"__export__.hr_recruit_kota_1322","Kabupaten Ngawi","Jawa Timur"
"__export__.hr_recruit_kota_1323","Kabupaten Pacitan","Jawa Timur"
"__export__.hr_recruit_kota_1324","Kabupaten Pamekasan","Jawa Timur"
"__export__.hr_recruit_kota_1325","Kabupaten Pasuruan","Jawa Timur"
"__export__.hr_recruit_kota_1326","Kabupaten Ponorogo","Jawa Timur"
"__export__.hr_recruit_kota_1327","Kabupaten Probolinggo","Jawa Timur"
"__export__.hr_recruit_kota_1328","Kabupaten Sampang","Jawa Timur"
"__export__.hr_recruit_kota_1329","Kabupaten Sidoarjo","Jawa Timur"
"__export__.hr_recruit_kota_1330","Kabupaten Situbondo","Jawa Timur"
"__export__.hr_recruit_kota_1331","Kabupaten Sumenep","Jawa Timur"
"__export__.hr_recruit_kota_1332","Kabupaten Trenggalek","Jawa Timur"
"__export__.hr_recruit_kota_1333","Kabupaten Tuban","Jawa Timur"
"__export__.hr_recruit_kota_1334","Kabupaten Tulungagung","Jawa Timur"
"__export__.hr_recruit_kota_1335","Kota Batu","Jawa Timur"
"__export__.hr_recruit_kota_1336","Kota Blitar","Jawa Timur"
"__export__.hr_recruit_kota_1337","Kota Kediri","Jawa Timur"
"__export__.hr_recruit_kota_1338","Kota Madiun","Jawa Timur"
"__export__.hr_recruit_kota_1339","Kota Malang","Jawa Timur"
"__export__.hr_recruit_kota_1340","Kota Mojokerto","Jawa Timur"
"__export__.hr_recruit_kota_1341","Kota Pasuruan","Jawa Timur"
"__export__.hr_recruit_kota_1342","Kota Probolinggo","Jawa Timur"
"__export__.hr_recruit_kota_1343","Kota Surabaya","Jawa Timur"
"__export__.hr_recruit_kota_1344","Kabupaten Bantul","Daerah Istimewa Yogyakarta"
"__export__.hr_recruit_kota_1345","Kabupaten Gunung Kidul","Daerah Istimewa Yogyakarta"
"__export__.hr_recruit_kota_1346","Kabupaten Kulon Progo","Daerah Istimewa Yogyakarta"
"__export__.hr_recruit_kota_1347","Kabupaten Sleman","Daerah Istimewa Yogyakarta"
"__export__.hr_recruit_kota_1348","Kota Yogyakarta","Daerah Istimewa Yogyakarta"
"__export__.hr_recruit_kota_1349","Kabupaten Badung","Bali"
"__export__.hr_recruit_kota_1350","Kabupaten Bangli","Bali"
"__export__.hr_recruit_kota_1351","Kabupaten Buleleng","Bali"
"__export__.hr_recruit_kota_1352","Kabupaten Gianyar","Bali"
"__export__.hr_recruit_kota_1353","Kabupaten Jembrana","Bali"
"__export__.hr_recruit_kota_1354","Kabupaten Karangasem","Bali"
"__export__.hr_recruit_kota_1355","Kabupaten Klungkung","Bali"
"__export__.hr_recruit_kota_1356","Kabupaten Tabanan","Bali"
"__export__.hr_recruit_kota_1357","Kota Denpasar","Bali"
"__export__.hr_recruit_kota_1358","Kabupaten Bima","Nusa Tenggara Barat"
"__export__.hr_recruit_kota_1359","Kabupaten Dompu","Nusa Tenggara Barat"
"__export__.hr_recruit_kota_1360","Kabupaten Lombok Barat","Nusa Tenggara Barat"
"__export__.hr_recruit_kota_1361","Kabupaten Lombok Tengah","Nusa Tenggara Barat"
"__export__.hr_recruit_kota_1362","Kabupaten Lombok Timur","Nusa Tenggara Barat"
"__export__.hr_recruit_kota_1363","Kabupaten Lombok Utara","Nusa Tenggara Barat"
"__export__.hr_recruit_kota_1364","Kabupaten Sumbawa","Nusa Tenggara Barat"
"__export__.hr_recruit_kota_1365","Kabupaten Sumbawa Barat","Nusa Tenggara Barat"
"__export__.hr_recruit_kota_1366","Kota Bima","Nusa Tenggara Barat"
"__export__.hr_recruit_kota_1367","Kota Mataram","Nusa Tenggara Barat"
"__export__.hr_recruit_kota_1368","Kabupaten Kupang","Nusa Tenggara Timur"
"__export__.hr_recruit_kota_1369","Kabupaten Timor Tengah Selatan","Nusa Tenggara Timur"
"__export__.hr_recruit_kota_1370","Kabupaten Timor Tengah Utara","Nusa Tenggara Timur"
"__export__.hr_recruit_kota_1371","Kabupaten Belu","Nusa Tenggara Timur"
"__export__.hr_recruit_kota_1372","Kabupaten Alor","Nusa Tenggara Timur"
"__export__.hr_recruit_kota_1373","Kabupaten Flores Timur","Nusa Tenggara Timur"
"__export__.hr_recruit_kota_1374","Kabupaten Sikka","Nusa Tenggara Timur"
"__export__.hr_recruit_kota_1375","Kabupaten Ende","Nusa Tenggara Timur"
"__export__.hr_recruit_kota_1376","Kabupaten Ngada","Nusa Tenggara Timur"
"__export__.hr_recruit_kota_1377","Kabupaten Manggarai","Nusa Tenggara Timur"
"__export__.hr_recruit_kota_1378","Kabupaten Sumba Timur","Nusa Tenggara Timur"
"__export__.hr_recruit_kota_1379","Kabupaten Sumba Barat","Nusa Tenggara Timur"
"__export__.hr_recruit_kota_1380","Kabupaten Lembata","Nusa Tenggara Timur"
"__export__.hr_recruit_kota_1381","Kabupaten Rote Ndao","Nusa Tenggara Timur"
"__export__.hr_recruit_kota_1382","Kabupaten Manggarai Barat","Nusa Tenggara Timur"
"__export__.hr_recruit_kota_1383","Kabupaten Nagekeo","Nusa Tenggara Timur"
"__export__.hr_recruit_kota_1384","Kabupaten Sumba Tengah","Nusa Tenggara Timur"
"__export__.hr_recruit_kota_1385","Kabupaten Sumba Barat Daya","Nusa Tenggara Timur"
"__export__.hr_recruit_kota_1386","Kabupaten Manggarai Timur","Nusa Tenggara Timur"
"__export__.hr_recruit_kota_1387","Kabupaten Sabu Raijua","Nusa Tenggara Timur"
"__export__.hr_recruit_kota_1388","Kota Kupang","Nusa Tenggara Timur"
"__export__.hr_recruit_kota_1389","Kabupaten Bengkayang","Kalimantan Barat"
"__export__.hr_recruit_kota_1390","Kabupaten Kapuas Hulu","Kalimantan Barat"
"__export__.hr_recruit_kota_1391","Kabupaten Kayong Utara","Kalimantan Barat"
"__export__.hr_recruit_kota_1392","Kabupaten Ketapang","Kalimantan Barat"
"__export__.hr_recruit_kota_1393","Kabupaten Kubu Raya","Kalimantan Barat"
"__export__.hr_recruit_kota_1394","Kabupaten Landak","Kalimantan Barat"
"__export__.hr_recruit_kota_1395","Kabupaten Melawi","Kalimantan Barat"
"__export__.hr_recruit_kota_1396","Kabupaten Pontianak","Kalimantan Barat"
"__export__.hr_recruit_kota_1397","Kabupaten Sambas","Kalimantan Barat"
"__export__.hr_recruit_kota_1398","Kabupaten Sanggau","Kalimantan Barat"
"__export__.hr_recruit_kota_1399","Kabupaten Sekadau","Kalimantan Barat"
"__export__.hr_recruit_kota_1400","Kabupaten Sintang","Kalimantan Barat"
"__export__.hr_recruit_kota_1401","Kota Pontianak","Kalimantan Barat"
"__export__.hr_recruit_kota_1402","Kota Singkawang","Kalimantan Barat"
"__export__.hr_recruit_kota_1403","Kabupaten Balangan","Kalimantan Selatan"
"__export__.hr_recruit_kota_1404","Kabupaten Banjar","Kalimantan Selatan"
"__export__.hr_recruit_kota_1405","Kabupaten Barito Kuala","Kalimantan Selatan"
"__export__.hr_recruit_kota_1406","Kabupaten Hulu Sungai Selatan","Kalimantan Selatan"
"__export__.hr_recruit_kota_1407","Kabupaten Hulu Sungai Tengah","Kalimantan Selatan"
"__export__.hr_recruit_kota_1408","Kabupaten Hulu Sungai Utara","Kalimantan Selatan"
"__export__.hr_recruit_kota_1409","Kabupaten Kotabaru","Kalimantan Selatan"
"__export__.hr_recruit_kota_1410","Kabupaten Tabalong","Kalimantan Selatan"
"__export__.hr_recruit_kota_1411","Kabupaten Tanah Bumbu","Kalimantan Selatan"
"__export__.hr_recruit_kota_1412","Kabupaten Tanah Laut","Kalimantan Selatan"
"__export__.hr_recruit_kota_1413","Kabupaten Tapin","Kalimantan Selatan"
"__export__.hr_recruit_kota_1414","Kota Banjarbaru","Kalimantan Selatan"
"__export__.hr_recruit_kota_1415","Kota Banjarmasin","Kalimantan Selatan"
"__export__.hr_recruit_kota_1416","Kabupaten Barito Selatan","Kalimantan Tengah"
"__export__.hr_recruit_kota_1417","Kabupaten Barito Timur","Kalimantan Tengah"
"__export__.hr_recruit_kota_1418","Kabupaten Barito Utara","Kalimantan Tengah"
"__export__.hr_recruit_kota_1419","Kabupaten Gunung Mas","Kalimantan Tengah"
"__export__.hr_recruit_kota_1420","Kabupaten Kapuas","Kalimantan Tengah"
"__export__.hr_recruit_kota_1421","Kabupaten Katingan","Kalimantan Tengah"
"__export__.hr_recruit_kota_1422","Kabupaten Kotawaringin Barat","Kalimantan Tengah"
"__export__.hr_recruit_kota_1423","Kabupaten Kotawaringin Timur","Kalimantan Tengah"
"__export__.hr_recruit_kota_1424","Kabupaten Lamandau","Kalimantan Tengah"
"__export__.hr_recruit_kota_1425","Kabupaten Murung Raya","Kalimantan Tengah"
"__export__.hr_recruit_kota_1426","Kabupaten Pulang Pisau","Kalimantan Tengah"
"__export__.hr_recruit_kota_1427","Kabupaten Sukamara","Kalimantan Tengah"
"__export__.hr_recruit_kota_1428","Kabupaten Seruyan","Kalimantan Tengah"
"__export__.hr_recruit_kota_1429","Kota Palangka Raya","Kalimantan Tengah"
"__export__.hr_recruit_kota_1430","Kabupaten Berau","Kalimantan Timur"
"__export__.hr_recruit_kota_1431","Kabupaten Bulungan","Kalimantan Timur"
"__export__.hr_recruit_kota_1432","Kabupaten Kutai Barat","Kalimantan Timur"
"__export__.hr_recruit_kota_1433","Kabupaten Kutai Kartanegara","Kalimantan Timur"
"__export__.hr_recruit_kota_1434","Kabupaten Kutai Timur","Kalimantan Timur"
"__export__.hr_recruit_kota_1435","Kabupaten Malinau","Kalimantan Timur"
"__export__.hr_recruit_kota_1436","Kabupaten Nunukan","Kalimantan Timur"
"__export__.hr_recruit_kota_1437","Kabupaten Paser","Kalimantan Timur"
"__export__.hr_recruit_kota_1438","Kabupaten Penajam Paser Utara","Kalimantan Timur"
"__export__.hr_recruit_kota_1439","Kabupaten Tana Tidung","Kalimantan Timur"
"__export__.hr_recruit_kota_1440","Kota Balikpapan","Kalimantan Timur"
"__export__.hr_recruit_kota_1441","Kota Bontang","Kalimantan Timur"
"__export__.hr_recruit_kota_1442","Kota Samarinda","Kalimantan Timur"
"__export__.hr_recruit_kota_1443","Kota Tarakan","Kalimantan Timur"
"__export__.hr_recruit_kota_1444","Kabupaten Boalemo","Gorontalo"
"__export__.hr_recruit_kota_1445","Kabupaten Bone Bolango","Gorontalo"
"__export__.hr_recruit_kota_1446","Kabupaten Gorontalo","Gorontalo"
"__export__.hr_recruit_kota_1447","Kabupaten Gorontalo Utara","Gorontalo"
"__export__.hr_recruit_kota_1448","Kabupaten Pohuwato","Gorontalo"
"__export__.hr_recruit_kota_1449","Kota Gorontalo","Gorontalo"
"__export__.hr_recruit_kota_1450","Kabupaten Bantaeng","Sulawesi Selatan"
"__export__.hr_recruit_kota_1451","Kabupaten Barru","Sulawesi Selatan"
"__export__.hr_recruit_kota_1452","Kabupaten Bone","Sulawesi Selatan"
"__export__.hr_recruit_kota_1453","Kabupaten Bulukumba","Sulawesi Selatan"
"__export__.hr_recruit_kota_1454","Kabupaten Enrekang","Sulawesi Selatan"
"__export__.hr_recruit_kota_1455","Kabupaten Gowa","Sulawesi Selatan"
"__export__.hr_recruit_kota_1456","Kabupaten Jeneponto","Sulawesi Selatan"
"__export__.hr_recruit_kota_1457","Kabupaten Kepulauan Selayar","Sulawesi Selatan"
"__export__.hr_recruit_kota_1458","Kabupaten Luwu","Sulawesi Selatan"
"__export__.hr_recruit_kota_1459","Kabupaten Luwu Timur","Sulawesi Selatan"
"__export__.hr_recruit_kota_1460","Kabupaten Luwu Utara","Sulawesi Selatan"
"__export__.hr_recruit_kota_1461","Kabupaten Maros","Sulawesi Selatan"
"__export__.hr_recruit_kota_1462","Kabupaten Pangkajene dan Kepulauan","Sulawesi Selatan"
"__export__.hr_recruit_kota_1463","Kabupaten Pinrang","Sulawesi Selatan"
"__export__.hr_recruit_kota_1464","Kabupaten Sidenreng Rappang","Sulawesi Selatan"
"__export__.hr_recruit_kota_1465","Kabupaten Sinjai","Sulawesi Selatan"
"__export__.hr_recruit_kota_1466","Kabupaten Soppeng","Sulawesi Selatan"
"__export__.hr_recruit_kota_1467","Kabupaten Takalar","Sulawesi Selatan"
"__export__.hr_recruit_kota_1468","Kabupaten Tana Toraja","Sulawesi Selatan"
"__export__.hr_recruit_kota_1469","Kabupaten Toraja Utara","Sulawesi Selatan"
"__export__.hr_recruit_kota_1470","Kabupaten Wajo","Sulawesi Selatan"
"__export__.hr_recruit_kota_1471","Kota Makassar","Sulawesi Selatan"
"__export__.hr_recruit_kota_1472","Kota Palopo","Sulawesi Selatan"
"__export__.hr_recruit_kota_1473","Kota Parepare","Sulawesi Selatan"
"__export__.hr_recruit_kota_1474","Kabupaten Bombana","Sulawesi Tenggara"
"__export__.hr_recruit_kota_1475","Kabupaten Buton","Sulawesi Tenggara"
"__export__.hr_recruit_kota_1476","Kabupaten Buton Utara","Sulawesi Tenggara"
"__export__.hr_recruit_kota_1477","Kabupaten Kolaka","Sulawesi Tenggara"
"__export__.hr_recruit_kota_1478","Kabupaten Kolaka Utara","Sulawesi Tenggara"
"__export__.hr_recruit_kota_1479","Kabupaten Konawe","Sulawesi Tenggara"
"__export__.hr_recruit_kota_1480","Kabupaten Konawe Selatan","Sulawesi Tenggara"
"__export__.hr_recruit_kota_1481","Kabupaten Konawe Utara","Sulawesi Tenggara"
"__export__.hr_recruit_kota_1482","Kabupaten Muna","Sulawesi Tenggara"
"__export__.hr_recruit_kota_1483","Kabupaten Wakatobi","Sulawesi Tenggara"
"__export__.hr_recruit_kota_1484","Kota Bau-Bau","Sulawesi Tenggara"
"__export__.hr_recruit_kota_1485","Kota Kendari","Sulawesi Tenggara"
"__export__.hr_recruit_kota_1486","Kabupaten Banggai","Sulawesi Tengah"
"__export__.hr_recruit_kota_1487","Kabupaten Banggai Kepulauan","Sulawesi Tengah"
"__export__.hr_recruit_kota_1488","Kabupaten Buol","Sulawesi Tengah"
"__export__.hr_recruit_kota_1489","Kabupaten Donggala","Sulawesi Tengah"
"__export__.hr_recruit_kota_1490","Kabupaten Morowali","Sulawesi Tengah"
"__export__.hr_recruit_kota_1491","Kabupaten Parigi Moutong","Sulawesi Tengah"
"__export__.hr_recruit_kota_1492","Kabupaten Poso","Sulawesi Tengah"
"__export__.hr_recruit_kota_1493","Kabupaten Tojo Una-Una","Sulawesi Tengah"
"__export__.hr_recruit_kota_1494","Kabupaten Toli-Toli","Sulawesi Tengah"
"__export__.hr_recruit_kota_1495","Kabupaten Sigi","Sulawesi Tengah"
"__export__.hr_recruit_kota_1496","Kota Palu","Sulawesi Tengah"
"__export__.hr_recruit_kota_1497","Kabupaten Bolaang Mongondow","Sulawesi Utara"
"__export__.hr_recruit_kota_1498","Kabupaten Bolaang Mongondow Selatan","Sulawesi Utara"
"__export__.hr_recruit_kota_1499","Kabupaten Bolaang Mongondow Timur","Sulawesi Utara"
"__export__.hr_recruit_kota_1500","Kabupaten Bolaang Mongondow Utara","Sulawesi Utara"
"__export__.hr_recruit_kota_1501","Kabupaten Kepulauan Sangihe","Sulawesi Utara"
"__export__.hr_recruit_kota_1502","Kabupaten Kepulauan Siau Tagulandang Biaro","Sulawesi Utara"
"__export__.hr_recruit_kota_1503","Kabupaten Kepulauan Talaud","Sulawesi Utara"
"__export__.hr_recruit_kota_1504","Kabupaten Minahasa","Sulawesi Utara"
"__export__.hr_recruit_kota_1505","Kabupaten Minahasa Selatan","Sulawesi Utara"
"__export__.hr_recruit_kota_1506","Kabupaten Minahasa Tenggara","Sulawesi Utara"
"__export__.hr_recruit_kota_1507","Kabupaten Minahasa Utara","Sulawesi Utara"
"__export__.hr_recruit_kota_1508","Kota Bitung","Sulawesi Utara"
"__export__.hr_recruit_kota_1509","Kota Kotamobagu","Sulawesi Utara"
"__export__.hr_recruit_kota_1510","Kota Manado","Sulawesi Utara"
"__export__.hr_recruit_kota_1511","Kota Tomohon","Sulawesi Utara"
"__export__.hr_recruit_kota_1512","Kabupaten Majene","Sulawesi Barat"
"__export__.hr_recruit_kota_1513","Kabupaten Mamasa","Sulawesi Barat"
"__export__.hr_recruit_kota_1514","Kabupaten Mamuju","Sulawesi Barat"
"__export__.hr_recruit_kota_1515","Kabupaten Mamuju Utara","Sulawesi Barat"
"__export__.hr_recruit_kota_1516","Kabupaten Polewali Mandar","Sulawesi Barat"
"__export__.hr_recruit_kota_1517","Kabupaten Buru","Maluku"
"__export__.hr_recruit_kota_1518","Kabupaten Buru Selatan","Maluku"
"__export__.hr_recruit_kota_1519","Kabupaten Kepulauan Aru","Maluku"
"__export__.hr_recruit_kota_1520","Kabupaten Maluku Barat Daya","Maluku"
"__export__.hr_recruit_kota_1521","Kabupaten Maluku Tengah","Maluku"
"__export__.hr_recruit_kota_1522","Kabupaten Maluku Tenggara","Maluku"
"__export__.hr_recruit_kota_1523","Kabupaten Maluku Tenggara Barat","Maluku"
"__export__.hr_recruit_kota_1524","Kabupaten Seram Bagian Barat","Maluku"
"__export__.hr_recruit_kota_1525","Kabupaten Seram Bagian Timur","Maluku"
"__export__.hr_recruit_kota_1526","Kota Ambon","Maluku"
"__export__.hr_recruit_kota_1527","Kota Tual","Maluku"
"__export__.hr_recruit_kota_1528","Kabupaten Halmahera Barat","Maluku Utara"
"__export__.hr_recruit_kota_1529","Kabupaten Halmahera Tengah","Maluku Utara"
"__export__.hr_recruit_kota_1530","Kabupaten Halmahera Utara","Maluku Utara"
"__export__.hr_recruit_kota_1531","Kabupaten Halmahera Selatan","Maluku Utara"
"__export__.hr_recruit_kota_1532","Kabupaten Kepulauan Sula","Maluku Utara"
"__export__.hr_recruit_kota_1533","Kabupaten Halmahera Timur","Maluku Utara"
"__export__.hr_recruit_kota_1534","Kabupaten Pulau Morotai","Maluku Utara"
"__export__.hr_recruit_kota_1535","Kota Ternate","Maluku Utara"
"__export__.hr_recruit_kota_1536","Kota Tidore Kepulauan","Maluku Utara"
"__export__.hr_recruit_kota_1537","Kabupaten Asmat","Papua"
"__export__.hr_recruit_kota_1538","Kabupaten Biak Numfor","Papua"
"__export__.hr_recruit_kota_1539","Kabupaten Boven Digoel","Papua"
"__export__.hr_recruit_kota_1540","Kabupaten Deiyai","Papua"
"__export__.hr_recruit_kota_1541","Kabupaten Dogiyai","Papua"
"__export__.hr_recruit_kota_1542","Kabupaten Intan Jaya","Papua"
"__export__.hr_recruit_kota_1543","Kabupaten Jayapura","Papua"
"__export__.hr_recruit_kota_1544","Kabupaten Jayawijaya","Papua"
"__export__.hr_recruit_kota_1545","Kabupaten Keerom","Papua"
"__export__.hr_recruit_kota_1546","Kabupaten Kepulauan Yapen","Papua"
"__export__.hr_recruit_kota_1547","Kabupaten Lanny Jaya","Papua"
"__export__.hr_recruit_kota_1548","Kabupaten Mamberamo Raya","Papua"
"__export__.hr_recruit_kota_1549","Kabupaten Mamberamo Tengah","Papua"
"__export__.hr_recruit_kota_1550","Kabupaten Mappi","Papua"
"__export__.hr_recruit_kota_1551","Kabupaten Merauke","Papua"
"__export__.hr_recruit_kota_1552","Kabupaten Mimika","Papua"
"__export__.hr_recruit_kota_1553","Kabupaten Nabire","Papua"
"__export__.hr_recruit_kota_1554","Kabupaten Nduga","Papua"
"__export__.hr_recruit_kota_1555","Kabupaten Paniai","Papua"
"__export__.hr_recruit_kota_1556","Kabupaten Pegunungan Bintang","Papua"
"__export__.hr_recruit_kota_1557","Kabupaten Puncak","Papua"
"__export__.hr_recruit_kota_1558","Kabupaten Puncak Jaya","Papua"
"__export__.hr_recruit_kota_1559","Kabupaten Sarmi","Papua"
"__export__.hr_recruit_kota_1560","Kabupaten Supiori","Papua"
"__export__.hr_recruit_kota_1561","Kabupaten Tolikara","Papua"
"__export__.hr_recruit_kota_1562","Kabupaten Waropen","Papua"
"__export__.hr_recruit_kota_1563","Kabupaten Yahukimo","Papua"
"__export__.hr_recruit_kota_1564","Kabupaten Yalimo","Papua"
"__export__.hr_recruit_kota_1565","Kota Jayapura","Papua"
"__export__.hr_recruit_kota_1566","Kabupaten Fakfak","Papua Barat"
"__export__.hr_recruit_kota_1567","Kabupaten Kaimana","Papua Barat"
"__export__.hr_recruit_kota_1568","Kabupaten Manokwari","Papua Barat"
"__export__.hr_recruit_kota_1569","Kabupaten Maybrat","Papua Barat"
"__export__.hr_recruit_kota_1570","Kabupaten Raja Ampat","Papua Barat"
"__export__.hr_recruit_kota_1571","Kabupaten Sorong","Papua Barat"
"__export__.hr_recruit_kota_1572","Kabupaten Sorong Selatan","Papua Barat"
"__export__.hr_recruit_kota_1573","Kabupaten Tambrauw","Papua Barat"
"__export__.hr_recruit_kota_1574","Kabupaten Teluk Bintuni","Papua Barat"
"__export__.hr_recruit_kota_1575","Kabupaten Teluk Wondama","Papua Barat"
"__export__.hr_recruit_kota_1576","Kota Sorong","Papua Barat"
"__export__.hr_recruit_kota_1577","Kota Banjar","Kalimantan Selatan"
"__export__.hr_recruit_kota_1578","KabupatenKotabaru","Kalimantan Selatan"
"__export__.hr_recruit_kota_1579","Kabupaten Surakarta","Jawa Tengah"
"__export__.hr_recruit_kota_1580","Kabupaten Gunung Kidul","Jawa Tengah"
"__export__.hr_recruit_kota_1581","Kudus","Jawa Tengah"
"__export__.hr_recruit_kota_1582","Kota Baru","Daerah Istimewa Yogyakarta"
"__export__.hr_recruit_kota_1583","Jember","Jawa Timur"
"__export__.hr_recruit_kota_1584","Garut","Jawa Barat"
"__export__.hr_recruit_kota_1585","Kota Palangkaraya","Kalimantan Tengah"
"__export__.hr_recruit_kota_1586","Kota Lombok","Nusa Tenggara Barat"
"__export__.hr_recruit_kota_1587","Kota Jember","Jawa Timur"
"__export__.hr_recruit_kota_1588","Semarang","Jawa Tengah"
"__export__.hr_recruit_kota_1589","Kabupaten Gresik","Jawa Timur"
"__export__.hr_recruit_kota_1590","Lombok Barat","Nusa Tenggara Barat"
"__export__.hr_recruit_kota_1591","Kota Gianyar","Bali"
"__export__.hr_recruit_kota_1592","Kota Badung","Bali"
"__export__.hr_recruit_kota_1593","Kota Bangli","Bali"
"__export__.hr_recruit_kota_1594","Kota Tabanan","Bali"
"__export__.hr_recruit_kota_1595","Kab. Kubu Raya","Kalimantan Barat"
"__export__.hr_recruit_kota_1596","Kab. Sintang","Kalimantan Barat"
"__export__.hr_recruit_kota_1597","Kab. Melawi","Kalimantan Barat"
"__export__.hr_recruit_kota_1598","Kab. Kapuas Hulu","Kalimantan Barat"
"__export__.hr_recruit_kota_1599","Kota Baru","Kalimantan Selatan"
"__export__.hr_recruit_kota_1600","Banjar","Kalimantan Selatan"
"__export__.hr_recruit_kota_1601","Martapura","Kalimantan Selatan"
"__export__.hr_recruit_kota_1602","Banjarbaru","Kalimantan Selatan"
"__export__.hr_recruit_kota_1603","Landasan Ulin","Kalimantan Selatan"
"__export__.hr_recruit_kota_1604","Banjarmasin","Kalimantan Selatan"
"__export__.hr_recruit_kota_1605","Kertak Hanyar","Kalimantan Selatan"
"__export__.hr_recruit_kota_1606","Kampung Lampung Selatan","Lampung"
"__export__.hr_recruit_kota_1607","Kampung Tanggamus","Lampung"
"__export__.hr_recruit_kota_1608","Kampung Lampung Tengah","Lampung"
"__export__.hr_recruit_kota_1609","Kampung Lampung Timur","Lampung"
"__export__.hr_recruit_kota_1610","Kota Garut","Jawa Barat"
"__export__.hr_recruit_kota_1611","Kota Ciamis","Jawa Barat"
"__export__.hr_recruit_kota_1612","Kota Lombok Barat","Nusa Tenggara Barat"
"__export__.hr_recruit_kota_1613","Kota Kudus","Jawa Tengah"
"__export__.hr_recruit_kota_1614","Kota Kubu Raya","Kalimantan Barat"
